titlePosition,0,0
select.actionTextScale,0.28
select.iconBasePosition,52,142
cursorSize,1280,720
debug.statisticsView,0
titleSize,1280,720
shopLevelSquareStepX,20
modelScale,4.5,4.5,4.5
cursorShopOffset,435,0
select.weaponDescriptionScale,0.18
select.iconSize,92,92
cursorBasePosition,0,0
shopItemHitboxSize,134,134
shopCoinDigitStepX,20
menuHitboxSize,255,88
cursorQuitOffset,210,110
shopItemPosition4,920,164
cursorEasingSpeed,14
shopPriceOffset,26,141
menuHitboxPosition,305,490
select.modelWeaponRotation,0,0,0
modelBasePosition,-18,0,8
shopLevelSquareOffsetY,116
cameraTarget,0,4.5,0
cameraDistance,76
select.iconModelScale,0.0048,0.0048,0.0048
cameraHeight,44
select.modelScale,0.019,0.019,0.019
debug.audio,0
cameraPitch,0.48
select.iconWeaponScale,0.01,0.01,0.01
select.modelWeaponScale,0.019,0.019,0.019
select.detailModelScale,0.007,0.007,0.007
select.detailWeaponScale,0.0105,0.0105,0.0105
cameraYaw,0
cameraOrbitSpeed,0.12
debug.windowSwitcher,0
debug.titleView,1
shopItemPosition2,573,164
select.titleTextPosition,72,98
select.modelWeaponOffset,2.8,2.2,0.3
debug.titleSettings,1
select.detailFacePosition,940,165
select.backgroundPosition,0,0
debug.offscreenSettings,0
shopCoinPosition,940,100
debug.lightSettings,0
select.weaponDescriptionPosition,1024,298
debug.keyInputDebug,0
select.actionTextOffset,38,8
select.weaponDescriptionMaxWidth,180
shopItemPosition0,227,164
shopItemPosition1,400,164
shopItemPosition3,746,164
shopLevelSquareSize,14,14
select.iconStepX,103
shopPriceDigitSize,18,24
shopPriceDigitStepX,17
select.titleTextScale,0.36
shopCoinDigitSize,20,26
select.detailFaceSize,92,92
select.backgroundSize,1280,720
select.iconHitboxSize,104,104
select.iconStepY,104
select.weaponIconPosition,940,292
select.weaponIconSize,72,72
select.actionButtonPosition,1014,528
select.actionButtonSize,154,48
select.modelPosition,4.8,2,8
select.modelRotation,0,-2.618,0
select.iconModelRotation,0,0.34,0
select.detailModelRotation,0,0.34,0
select.iconModelBasePosition,-24,1.4,8
select.iconModelStep,5,0,0
select.iconWeaponOffset,1,2.4,0.2
select.iconWeaponRotation,0,0.34,0
select.detailModelPosition,20.8,2.2,8
select.detailWeaponRotation,0,0.34,0
select.detailWeaponOffset,1.2,1,0.2
debug.titleModelSettings,0
